{"cameraMode":{"drawMode":0,"name":"Shaded","section":"Shading Mode"},"sceneLighting":false,"audioPlay":false,"sceneViewState":{"showFog":true,"showMaterialUpdate":false,"showSkybox":false,"showFlares":true,"showImageEffects":true,"showParticleSystems":true},"in2DMode":false,"pivot":{"x":19.954008102416993,"y":-2.903536796569824,"z":-1.0555534362792969},"rotation":{"x":-0.002687531989067793,"y":-0.1093161404132843,"z":-0.0001816923322621733,"w":-0.9940071702003479},"size":17.059431076049806,"orthographic":false}