{"cameraMode":{"drawMode":0,"name":"Shaded","section":"Shading Mode"},"sceneLighting":false,"audioPlay":false,"sceneViewState":{"showFog":true,"showMaterialUpdate":false,"showSkybox":false,"showFlares":true,"showImageEffects":true,"showParticleSystems":true},"in2DMode":false,"pivot":{"x":20.934921264648439,"y":17.549999237060548,"z":-1.6469999551773072},"rotation":{"x":-0.15958678722381593,"y":0.08045531809329987,"z":-0.013058455660939217,"w":-0.9838312864303589},"size":23.946847915649415,"orthographic":false}