{"cameraMode":{"drawMode":0,"name":"Shaded","section":"Shading Mode"},"sceneLighting":true,"audioPlay":false,"sceneViewState":{"showFog":true,"showMaterialUpdate":false,"showSkybox":true,"showFlares":true,"showImageEffects":true,"showParticleSystems":true},"in2DMode":false,"pivot":{"x":271.08099365234377,"y":-8.905670166015625,"z":148.31080627441407},"rotation":{"x":0.1183018684387207,"y":-0.06252820044755936,"z":0.007421303540468216,"w":0.9910058379173279},"size":195.55892944335938,"orthographic":false}