{"cameraMode":{"drawMode":0,"name":"Shaded","section":"Shading Mode"},"sceneLighting":false,"audioPlay":false,"sceneViewState":{"showFog":true,"showMaterialUpdate":false,"showSkybox":false,"showFlares":true,"showImageEffects":true,"showParticleSystems":true},"in2DMode":false,"pivot":{"x":85.09939575195313,"y":0.020713578909635545,"z":20.606828689575197},"rotation":{"x":-0.0841369479894638,"y":0.8016000390052795,"z":-0.11664289981126785,"w":-0.5804665088653565},"size":2.8578836917877199,"orthographic":false}