{"cameraMode":{"drawMode":0,"name":"Shaded","section":"Shading Mode"},"sceneLighting":false,"audioPlay":false,"sceneViewState":{"showFog":true,"showMaterialUpdate":false,"showSkybox":false,"showFlares":true,"showImageEffects":true,"showParticleSystems":true},"in2DMode":false,"pivot":{"x":300.20196533203127,"y":12.927974700927735,"z":2.4580421447753908},"rotation":{"x":-0.05128549039363861,"y":0.00808621570467949,"z":-0.0004157060175202787,"w":-0.9986531138420105},"size":50.03532028198242,"orthographic":false}