{"cameraMode":{"drawMode":0,"name":"Shaded","section":"Shading Mode"},"sceneLighting":false,"audioPlay":false,"sceneViewState":{"showFog":true,"showMaterialUpdate":false,"showSkybox":false,"showFlares":true,"showImageEffects":true,"showParticleSystems":true},"in2DMode":false,"pivot":{"x":989.4853515625,"y":820.277587890625,"z":284.049560546875},"rotation":{"x":-0.021307794377207757,"y":-0.0009038329008035362,"z":-0.000004680302481574472,"w":-0.9997885823249817},"size":1475.898193359375,"orthographic":false}