{"cameraMode":{"drawMode":0,"name":"Shaded","section":"Shading Mode"},"sceneLighting":false,"audioPlay":false,"sceneViewState":{"showFog":true,"showMaterialUpdate":false,"showSkybox":false,"showFlares":true,"showImageEffects":true,"showParticleSystems":true},"in2DMode":false,"pivot":{"x":248.26658630371095,"y":19.996442794799806,"z":-100.62041473388672},"rotation":{"x":0.029416704550385476,"y":0.24050642549991609,"z":-0.0072815800085663799,"w":0.9701949954032898},"size":17.05939292907715,"orthographic":false}