{"cameraMode":{"drawMode":0,"name":"Shaded","section":"Shading Mode"},"sceneLighting":false,"audioPlay":false,"sceneViewState":{"showFog":true,"showMaterialUpdate":false,"showSkybox":false,"showFlares":true,"showImageEffects":true,"showParticleSystems":true},"in2DMode":false,"pivot":{"x":23.156999588012697,"y":-2.75,"z":-2.109999895095825},"rotation":{"x":-0.002687531989067793,"y":-0.1093161404132843,"z":-0.0001816923322621733,"w":-0.9940071702003479},"size":17.059431076049806,"orthographic":false}