{"cameraMode":{"drawMode":0,"name":"Shaded","section":"Shading Mode"},"sceneLighting":true,"audioPlay":false,"sceneViewState":{"showFog":true,"showMaterialUpdate":false,"showSkybox":true,"showFlares":true,"showImageEffects":true,"showParticleSystems":true},"in2DMode":false,"pivot":{"x":210.33322143554688,"y":-21.89006805419922,"z":112.61894226074219},"rotation":{"x":0.14148536324501038,"y":0.04801170155405998,"z":-0.003171379677951336,"w":0.9891286492347717},"size":332.4833068847656,"orthographic":false}