{"cameraMode":{"drawMode":0,"name":"Shaded","section":"Shading Mode"},"sceneLighting":true,"audioPlay":false,"sceneViewState":{"showFog":true,"showMaterialUpdate":false,"showSkybox":true,"showFlares":true,"showImageEffects":true,"showParticleSystems":true},"in2DMode":false,"pivot":{"x":-18.685224533081056,"y":13.495119094848633,"z":22.795082092285158},"rotation":{"x":-0.049789827316999438,"y":0.002082620980218053,"z":-0.00036960290162824094,"w":-0.9988275766372681},"size":45.1967887878418,"orthographic":false}