{"cameraMode":{"drawMode":0,"name":"Shaded","section":"Shading Mode"},"sceneLighting":true,"audioPlay":false,"sceneViewState":{"showFog":true,"showMaterialUpdate":false,"showSkybox":true,"showFlares":true,"showImageEffects":true,"showParticleSystems":true},"in2DMode":false,"pivot":{"x":87.82344055175781,"y":11.612547874450684,"z":-39.952301025390628},"rotation":{"x":0.05351899191737175,"y":-0.19589614868164063,"z":0.01032668724656105,"w":0.9791156649589539},"size":0.06654763221740723,"orthographic":false}