{"cameraMode":{"drawMode":0,"name":"Shaded","section":"Shading Mode"},"sceneLighting":true,"audioPlay":false,"sceneViewState":{"showFog":true,"showMaterialUpdate":false,"showSkybox":true,"showFlares":true,"showImageEffects":true,"showParticleSystems":true},"in2DMode":false,"pivot":{"x":68.52085876464844,"y":0.652801513671875,"z":45.466522216796878},"rotation":{"x":0.3610544502735138,"y":-0.5483283400535584,"z":0.2850864827632904,"w":0.6987332105636597},"size":188.297119140625,"orthographic":false}