{"cameraMode":{"drawMode":0,"name":"Shaded","section":"Shading Mode"},"sceneLighting":true,"audioPlay":false,"sceneViewState":{"showFog":true,"showMaterialUpdate":false,"showSkybox":true,"showFlares":true,"showImageEffects":true,"showParticleSystems":true},"in2DMode":false,"pivot":{"x":24.977218627929689,"y":-0.3632478713989258,"z":91.5766830444336},"rotation":{"x":-0.051170408725738528,"y":0.06231825053691864,"z":-0.0036134992260485889,"w":-0.9969251155853272},"size":129.1940460205078,"orthographic":false}