{"cameraMode":{"drawMode":0,"name":"Shaded","section":"Shading Mode"},"sceneLighting":true,"audioPlay":false,"sceneViewState":{"showFog":true,"showMaterialUpdate":false,"showSkybox":true,"showFlares":true,"showImageEffects":true,"showParticleSystems":true},"in2DMode":false,"pivot":{"x":45.414188385009769,"y":4.858642578125,"z":14.599727630615235},"rotation":{"x":0.23571127653121949,"y":0.00019310021889396012,"z":0.0007424031500704587,"w":0.9720413088798523},"size":80.68941497802735,"orthographic":false}