{"cameraMode":{"drawMode":0,"name":"Shaded","section":"Shading Mode"},"sceneLighting":false,"audioPlay":false,"sceneViewState":{"showFog":true,"showMaterialUpdate":false,"showSkybox":false,"showFlares":true,"showImageEffects":true,"showParticleSystems":true},"in2DMode":false,"pivot":{"x":238.3458251953125,"y":23.049922943115236,"z":0.5126615762710571},"rotation":{"x":0.1183018684387207,"y":-0.06252820044755936,"z":0.007421303540468216,"w":0.9910058379173279},"size":22.162748336791993,"orthographic":false}