{"cameraMode":{"drawMode":0,"name":"Shaded","section":"Shading Mode"},"sceneLighting":false,"audioPlay":false,"sceneViewState":{"showFog":true,"showMaterialUpdate":false,"showSkybox":false,"showFlares":true,"showImageEffects":true,"showParticleSystems":true},"in2DMode":false,"pivot":{"x":14.799999237060547,"y":-2.4008798599243166,"z":-2.109999895095825},"rotation":{"x":-0.02272723987698555,"y":0.07368203997612,"z":0.014320009388029576,"w":0.9969397187232971},"size":22.0,"orthographic":false}