{"cameraMode":{"drawMode":0,"name":"Shaded","section":"Shading Mode"},"sceneLighting":true,"audioPlay":false,"sceneViewState":{"showFog":true,"showMaterialUpdate":false,"showSkybox":true,"showFlares":true,"showImageEffects":true,"showParticleSystems":true},"in2DMode":false,"pivot":{"x":21.401893615722658,"y":-0.46589067578315737,"z":-2.596593141555786},"rotation":{"x":0.33314764499664309,"y":0.4188807010650635,"z":-0.1523662656545639,"w":0.8308888077735901},"size":6.064193248748779,"orthographic":false}