{"cameraMode":{"drawMode":0,"name":"Shaded","section":"Shading Mode"},"sceneLighting":true,"audioPlay":false,"sceneViewState":{"showFog":true,"showMaterialUpdate":false,"showSkybox":true,"showFlares":true,"showImageEffects":true,"showParticleSystems":true},"in2DMode":false,"pivot":{"x":28.3704776763916,"y":2.077472686767578,"z":-0.09135055541992188},"rotation":{"x":0.302929162979126,"y":0.011132868006825447,"z":-0.003477453952655196,"w":0.9529462456703186},"size":48.338741302490237,"orthographic":false}