{"cameraMode":{"drawMode":0,"name":"Shaded","section":"Shading Mode"},"sceneLighting":true,"audioPlay":false,"sceneViewState":{"showFog":true,"showMaterialUpdate":false,"showSkybox":true,"showFlares":true,"showImageEffects":true,"showParticleSystems":true},"in2DMode":false,"pivot":{"x":4.382012844085693,"y":-3.9048705101013185,"z":-2.277827262878418},"rotation":{"x":0.12088152766227722,"y":-0.22718091309070588,"z":0.028427770361304284,"w":0.9659106731414795},"size":5.907998085021973,"orthographic":false}