{"cameraMode":{"drawMode":0,"name":"Shaded","section":"Shading Mode"},"sceneLighting":true,"audioPlay":false,"sceneViewState":{"showFog":true,"showMaterialUpdate":false,"showSkybox":true,"showFlares":true,"showImageEffects":true,"showParticleSystems":true},"in2DMode":false,"pivot":{"x":32.66646194458008,"y":-2.139647960662842,"z":-3.7546401023864748},"rotation":{"x":0.08539461344480515,"y":0.7144477367401123,"z":-0.08848752826452255,"w":0.6888038516044617},"size":7.610464096069336,"orthographic":false}