{"cameraMode":{"drawMode":0,"name":"Shaded","section":"Shading Mode"},"sceneLighting":true,"audioPlay":false,"sceneViewState":{"showFog":true,"showMaterialUpdate":false,"showSkybox":true,"showFlares":true,"showImageEffects":true,"showParticleSystems":true},"in2DMode":false,"pivot":{"x":1070.83935546875,"y":290.2496643066406,"z":155.47677612304688},"rotation":{"x":0.06419152766466141,"y":-0.037521395832300189,"z":0.015037468634545803,"w":0.9971317648887634},"size":268.6005554199219,"orthographic":false}