{"cameraMode":{"drawMode":0,"name":"Shaded","section":"Shading Mode"},"sceneLighting":false,"audioPlay":false,"sceneViewState":{"showFog":true,"showMaterialUpdate":false,"showSkybox":false,"showFlares":true,"showImageEffects":true,"showParticleSystems":true},"in2DMode":false,"pivot":{"x":19.559999465942384,"y":-2.4008798599243166,"z":-2.109999895095825},"rotation":{"x":0.08539461344480515,"y":0.7144477367401123,"z":-0.08848752826452255,"w":0.6888038516044617},"size":5.610001564025879,"orthographic":false}