{"cameraMode":{"drawMode":0,"name":"Shaded","section":"Shading Mode"},"sceneLighting":true,"audioPlay":false,"sceneViewState":{"showFog":true,"showMaterialUpdate":false,"showSkybox":true,"showFlares":true,"showImageEffects":true,"showParticleSystems":true},"in2DMode":false,"pivot":{"x":30.18362045288086,"y":-9.908414840698243,"z":56.01286315917969},"rotation":{"x":0.1452408879995346,"y":0.004849557299166918,"z":-0.000712210254278034,"w":0.9893921613693237},"size":143.977783203125,"orthographic":false}