{"cameraMode":{"drawMode":0,"name":"Shaded","section":"Shading Mode"},"sceneLighting":true,"audioPlay":false,"sceneViewState":{"showFog":true,"showMaterialUpdate":false,"showSkybox":true,"showFlares":true,"showImageEffects":true,"showParticleSystems":true},"in2DMode":false,"pivot":{"x":202.5702667236328,"y":13.389739990234375,"z":0.23674406111240388},"rotation":{"x":0.17521770298480988,"y":-0.04345878213644028,"z":0.007787209935486317,"w":0.9835423231124878},"size":29.01150131225586,"orthographic":false}