{"cameraMode":{"drawMode":0,"name":"Shaded","section":"Shading Mode"},"sceneLighting":true,"audioPlay":false,"sceneViewState":{"showFog":true,"showMaterialUpdate":false,"showSkybox":true,"showFlares":true,"showImageEffects":true,"showParticleSystems":true},"in2DMode":false,"pivot":{"x":120.70154571533203,"y":15.344801902770996,"z":11.652740478515625},"rotation":{"x":0.05272258445620537,"y":0.01987270638346672,"z":-0.0010496171889826656,"w":0.9984189867973328},"size":153.3916473388672,"orthographic":false}